Id,Algorithm Name,File Name,Matrix Size,Num Threads,Num Threads Checkup,Gap,Delayed,Sparsed,Num Iterations,Time Spent,Final Residual,Converged
0,jacobi classical with serial checkups,orsirr_2,886,16,1,1,1,false,62335,14.830892611,0.000000058543915710157843,true
1,jacobi gapped with serial checkups,orsirr_2,886,16,1,2,1,false,62336,14.859935821,0.00000005871390932984465,true
2,jacobi gapped with serial checkups,orsirr_2,886,16,1,6,1,false,62340,14.76165052,0.00000005857505043795132,true
3,jacobi gapped with serial checkups,orsirr_2,886,16,1,8,1,false,62336,14.783188481,0.00000005871390932984465,true
4,jacobi classical with serial checkups,orsirr_2,886,16,1,1,1,false,62335,14.807913421,0.000000058543915710157843,true
5,jacobi gapped with serial checkups,orsirr_2,886,16,1,2,1,false,62336,14.744531389,0.00000005871390932984465,true
6,jacobi gapped with serial checkups,orsirr_2,886,16,1,6,1,false,62340,14.769914875,0.00000005857505043795132,true
7,jacobi gapped with serial checkups,orsirr_2,886,16,1,8,1,false,62336,14.856461833000001,0.00000005871390932984465,true
8,jacobi classical with serial checkups,orsirr_2,886,16,1,1,1,false,62335,14.837820471,0.000000058543915710157843,true
9,jacobi gapped with serial checkups,orsirr_2,886,16,1,2,1,false,62336,14.814647217,0.00000005871390932984465,true
10,jacobi gapped with serial checkups,orsirr_2,886,16,1,6,1,false,62340,14.729192755,0.00000005857505043795132,true
11,jacobi gapped with serial checkups,orsirr_2,886,16,1,8,1,false,62336,14.740698485,0.00000005871390932984465,true